seqnames,start,end,width,strand,baseMean,log2FoldChange,lfcSE,stat,pvalue,padj,annotation,geneChr,geneStart,geneEnd,geneLength,geneStrand,geneId,transcriptId,distanceToTSS
chr2,27211480,27212500,1021,*,1.75703353694214,-1.83337379451749,0.672555085590727,-2.72598309610161,0.00641102815634711,0.995556013911527,Promoter (<=1kb),2,27212027,27217156,5130,1,51374,ENST00000380171.7,0
chr1,107056433,107057568,1136,*,2.30184991018508,-1.50063669193876,0.57162164853099,-2.6252271861908,0.00865911693297968,0.995556013911527,Promoter (<=1kb),1,107056674,107059294,2621,1,55170,ENST00000370078.2,0
chr14,34555922,34557238,1317,*,7.51917358382068,0.930310257691,0.365067363771826,2.54832491209064,0.010824160612138,0.995556013911527,Promoter (<=1kb),14,34556226,34556389,164,2,26863,ENST00000383861.1,0
chr4,7067827,7068596,770,*,3.66468237183413,1.27405751590261,0.519515655076525,2.45239484787987,0.0141908848684964,0.995556013911527,Promoter (<=1kb),4,7058895,7068064,9170,2,80273,ENST00000264954.5,0
chr3,19946519,19947641,1123,*,2.21835762933789,-1.44762332710709,0.593326688870651,-2.4398419188972,0.0146936902081314,0.995556013911527,Promoter (<=1kb),3,19879476,19947009,67534,2,151651,ENST00000344838.8,0
chr14,92105777,92106964,1188,*,2.48576712895792,-1.27079070226257,0.532050545146129,-2.38847739910416,0.0169183488869715,0.995556013911527,Promoter (<=1kb),14,92049611,92106580,56970,2,4287,ENST00000647161.1,0
chr6,47309340,47310164,825,*,2.83719191796024,-1.2093026867274,0.509300018121196,-2.37444069055507,0.0175755595569005,0.995556013911527,Promoter (<=1kb),6,47231532,47309905,78374,2,27242,ENST00000296861.2,0
chr2,199458513,199459926,1414,*,1.91822219150251,-1.4047939368085,0.596760373270858,-2.35403354466851,0.0185709351205836,0.995556013911527,Promoter (<=1kb),2,199269508,199458745,189238,2,23314,ENST00000443023.5,0
chr16,4476060,4477210,1151,*,1.75539200579473,-1.54589586111058,0.657290785129312,-2.35192078770197,0.0186767517528232,0.995556013911527,Promoter (<=1kb),16,4476340,4510295,33956,1,3163,ENST00000458134.7,0
chr3,120094384,120095872,1489,*,4.90010223759121,0.984674839164796,0.420478953982863,2.3417933997356,0.0191913350876015,0.995556013911527,Promoter (<=1kb),3,119821323,120094417,273095,2,2932,ENST00000264235.12,0